Time,Calculation Time,Reference Velocity,Measured Velocity,Phi,Delta,Phi Dot,Control Input,Velocity Control Input,phi_roll_comp,phi_uncomp,phi_dot,a_x,ay_roll_comp,ay,az
0.010146141052246094,0.010146141052246094,3,2.2208686858210247,0.0016570037218531478,-0.05187873273900983,0.0,0.3126435166321309,0.0,0.0228,0.0228,0.0,0.18,0.13,0.13,0.97
0.05050230026245117,0.010316133499145508,3,2.2208686858210247,0.0015612363997767344,-0.04791636362637405,0.01,0.3476085103004003,0.0,0.0613,0.0606,0.01,0.14,-0.01,0.05,0.99
0.0896463394165039,0.009279012680053711,3,2.2208686858210247,0.006366445753844582,-0.039397270034207135,0.11,1.0135764382318877,0.0,0.0649,0.0638,0.11,0.01,0.05,0.01,1.0
0.12977337837219238,0.009212970733642578,3,2.5376660347990767,0.005016671928611303,-0.03090647907855905,-0.01,0.24911765842567868,0.0,0.0645,0.0641,-0.01,0.09,-0.04,0.03,1.0
0.1715984344482422,0.010851860046386719,3,2.5376660347990767,0.005922314611875385,-0.010330462329371843,0.0,0.20464297838491896,0.0,0.0631,0.0633,0.0,0.19,0.07,0.06,0.98
