Time,Calculation Time,Reference Velocity,Measured Velocity,Phi,Delta,Phi Dot,Control Input,Velocity Control Input,phi_roll_comp,phi_uncomp,phi_dot,a_x,ay_roll_comp,ay,az
0.010217905044555664,0.010217905044555664,3,1.5852109935372412,0.0023788540315242946,0.02334967512803225,-0.0,-0.007495561919935237,0.0,0.0253,0.0253,-0.0,0.2,0.15,0.15,0.97
0.05011701583862305,0.009925127029418945,3,1.5852109935372412,0.002839046732381767,0.02247229339594861,-0.02,-0.14625538990982279,0.0,0.0117,0.0123,-0.02,-0.12,0.08,0.07,0.99
0.08933496475219727,0.008975982666015625,3,2.0485354590616547,0.0045091326464596106,0.019755240290141224,0.01,0.09667183772140975,0.0,0.0114,0.0118,0.01,0.1,0.08,0.04,0.99
0.12966609001159668,0.009119987487792969,3,2.0485354590616547,0.008270310001651378,0.021679819573421456,0.06,0.5083952773564937,0.0,0.0117,0.0114,0.06,-0.09,0.09,0.03,1.0
0.16971993446350098,0.00898885726928711,3,2.0485354590616547,0.013084274548734407,0.03554811146764667,0.09,0.7674613846852482,0.0,0.015,0.0142,0.09,-0.04,0.08,0.03,1.0
0.21087408065795898,0.008900165557861328,3,2.0485354590616547,0.01936298113356665,0.051369285281670944,0.1,0.9340165332012417,0.0,0.0193,0.0182,0.1,0.12,0.15,0.12,0.99
0.25109314918518066,0.00893092155456543,3,2.0485354590616547,0.022716794217868024,0.06939806474416373,0.06,0.692906029388078,0.0,0.0215,0.0205,0.06,0.06,0.06,0.07,1.0
